customer_id,conversation_date,communication_channel,conversation_type,customer_requirements,budget_range,urgency_level,tech_preferences,project_timeline,business_goals,pain_points,decision_makers,current_solutions,compliance_requirements,integration_needs,team_size,location_preference,communication_style,follow_up_needed,sales_notes
1,2023-01-15,LinkedIn,Initial Contact,"Need custom CRM system for manufacturing operations, inventory tracking, customer portal",50000-100000,Medium,Python/React/PostgreSQL,6-9 months,Improve operational efficiency by 40%,"Manual processes, data silos, poor customer visibility","CTO, Head of Operations",Excel spreadsheets + legacy system,ISO 9001 compliance required,"SAP ERP, existing accounting system",15-20 people,On-premise preferred,Direct and technical,"Technical deep-dive meeting scheduled","Impressed with our manufacturing expertise. Strong technical requirements."
2,2023-08-05,Event,Trade Show Meeting,"E-commerce platform with advanced analytics, mobile app, payment integration",75000-150000,High,Node.js/Vue.js/MongoDB,4-6 months,Increase online sales by 60%,"Poor mobile experience, limited analytics, payment issues","Head of Ops, Marketing Director",Shopify + custom plugins,PCI DSS compliance,"Payment gateways, shipping providers, marketing tools",8-12 people,Cloud preferred,Collaborative and relationship-focused,"Budget approval meeting next week","Very interested in our analytics capabilities. Budget confirmed."
3,2023-11-01,Website,Contact Form,"Retail management system with POS integration, inventory management, reporting",30000-60000,Low,PHP/Laravel/MySQL,8-12 months,Streamline retail operations,"Disconnected systems, manual inventory, poor reporting","Consultant, Store Manager",Multiple separate systems,Local tax compliance,"POS systems, accounting software, supplier APIs",5-8 people,Hybrid deployment,Detail-oriented and cautious,"Requirements gathering session needed","Need more detailed proposal. Price sensitivity noted."
4,2023-07-20,LinkedIn,Referral Contact,"Manufacturing automation platform, IoT integration, real-time monitoring",100000-200000,High,Python/Django/TimescaleDB,9-12 months,Reduce production costs by 30%,"Manual monitoring, equipment downtime, data delays","CTO, Head of Manufacturing",Legacy SCADA systems,Industry 4.0 standards,"IoT sensors, existing machinery, ERP systems",20-25 people,On-premise required,Technical and results-driven,"Technical architecture review scheduled","Strong fit for our IoT expertise. Large project potential."
5,2023-11-15,Website,Demo Request,"Custom logistics platform, route optimization, fleet management",40000-80000,Medium,JavaScript/Express/PostgreSQL,6-8 months,Optimize delivery routes by 25%,"Inefficient routing, high fuel costs, poor tracking","Head of Operations",Manual planning + basic GPS,Transportation regulations,"GPS systems, fuel monitoring, customer portals",10-15 people,Cloud preferred,Practical and cost-conscious,"Follow-up demo with full team","Interested in cost savings. Need ROI analysis."
6,2023-12-01,Event,Conference Meeting,"E-commerce mobile app, social commerce, AR features",60000-120000,High,React Native/Node.js/PostgreSQL,5-7 months,Enter mobile commerce market,"No mobile presence, losing to competitors","CTO, Marketing Head",Web-only e-commerce,GDPR compliance,"Social media APIs, payment systems, analytics",12-18 people,Cloud required,Innovative and fast-paced,"Prototype development discussion","Excited about AR features. Competitive pressure noted."
7,2023-12-20,Website,Contact Form,"Tech startup platform, user management, subscription billing",25000-50000,Medium,React/Node.js/Stripe,4-6 months,Launch SaaS product,"No current system - startup","CTO, Founder",Planning stage,Data protection laws,"Payment processing, email services, analytics",3-5 people,Cloud only,Startup mindset - agile and flexible,"Technical feasibility assessment","Startup budget constraints. Growth potential high."
8,2024-05-30,Website,Live Chat,"Retail analytics dashboard, customer insights, inventory optimization",35000-70000,Low,Vue.js/Python/BigQuery,6-9 months,Improve inventory turnover by 20%,"Poor visibility into customer behavior","Consultant, Data Analyst",Basic reporting tools,Retail compliance,"POS systems, CRM, inventory management",6-10 people,Cloud preferred,Data-driven and analytical,"Data integration workshop","Strong analytics requirements. Data quality concerns."
9,2023-02-05,Website,Contact Form,"Multi-location retail system, centralized reporting, franchise management",80000-160000,Medium,Angular/Spring Boot/PostgreSQL,8-10 months,Scale franchise operations,"Inconsistent processes across locations","Head of Operations, Franchisee Rep",Individual store systems,Franchise regulations,"Multiple POS systems, accounting, supplier networks",25-30 people,Hybrid deployment,Process-oriented and systematic,"Franchise requirements deep-dive","Complex multi-tenant requirements. Franchise expertise needed."
10,2024-06-15,LinkedIn,Cold Outreach,"Healthcare management system, patient portal, appointment scheduling",45000-90000,High,React/Python/PostgreSQL,6-8 months,Improve patient satisfaction by 30%,"Manual scheduling, poor patient communication","Practice Manager",Paper-based + basic software,HIPAA compliance,"EMR systems, insurance providers, lab services",8-12 people,On-premise preferred,Compliance-focused and cautious,"Compliance review meeting","Healthcare expertise required. Strict compliance needs."
11,2024-01-10,Event,Industry Meetup,"Financial services platform, reporting automation, compliance tracking",120000-250000,High,Java/Spring/Oracle,12-18 months,Automate regulatory reporting,"Manual compliance processes, audit risks","CFO, Compliance Officer",Legacy mainframe systems,Financial regulations,"Core banking systems, regulatory APIs, audit tools",30-40 people,On-premise required,Conservative and risk-averse,"Compliance architecture review","High-value opportunity. Regulatory expertise critical."
12,2024-03-22,Website,Demo Request,"Educational platform, student management, online learning",30000-60000,Medium,React/Node.js/MongoDB,6-9 months,Digitize educational processes,"Paper-based processes, no online presence","IT Director, Academic Dean",Manual records + basic website,Educational compliance,"Student information systems, learning tools",15-20 people,Cloud preferred,Educational focus - budget-conscious,"Educational requirements workshop","Public sector procurement process. Long sales cycle expected."
13,2024-07-08,LinkedIn,Partnership Referral,"Supply chain management, vendor portal, procurement automation",90000-180000,High,Vue.js/Java/PostgreSQL,9-12 months,Reduce procurement costs by 25%,"Manual vendor management, procurement delays","Head of Procurement, CFO",Email + spreadsheets,Industry standards,"ERP systems, vendor APIs, financial systems",20-25 people,Cloud preferred,Efficiency-focused and ROI-driven,"Procurement process analysis","Strong cost reduction focus. Partnership opportunity."
14,2024-08-15,Website,Contact Form,"Real estate management, property listings, client portal",40000-80000,Medium,Next.js/Node.js/PostgreSQL,5-7 months,Improve client experience and automate processes,"Manual property management, poor client communication","Real Estate Manager",Basic CRM + manual processes,Real estate regulations,"MLS systems, financial services, marketing tools",10-15 people,Cloud preferred,Client-service oriented,"Property management demo","Real estate expertise needed. Client experience priority."
15,2024-09-01,Event,Trade Show,"Manufacturing quality control, inspection tracking, compliance reporting",70000-140000,High,Python/Django/PostgreSQL,8-10 months,Achieve zero-defect manufacturing,"Inconsistent quality processes, compliance risks","Quality Manager, Plant Manager",Manual inspection logs,Quality standards,"Manufacturing equipment, testing devices, ERP",18-22 people,On-premise preferred,Quality-focused and detail-oriented,"Quality process audit","Quality expertise critical. Compliance-heavy requirements."
16,2024-04-12,LinkedIn,Warm Introduction,"Startup accelerator platform, mentor matching, progress tracking",35000-70000,Medium,React/Express/MongoDB,6-8 months,Improve startup success rates,"Manual mentor matching, poor progress visibility","Program Director",Spreadsheets + email,Startup regulations,"CRM systems, communication tools, analytics",8-12 people,Cloud only,Innovation-focused and collaborative,"Accelerator program workshop","Startup ecosystem knowledge needed. Innovation focus."
17,2024-05-20,Website,Live Chat,"Food service management, order processing, inventory control",25000-50000,Low,Vue.js/PHP/MySQL,4-6 months,Reduce food waste by 30%,"Manual ordering, inventory waste","Restaurant Manager",Paper-based + basic POS,Food safety regulations,"POS systems, supplier APIs, payment processing",6-10 people,Cloud preferred,Operations-focused and practical,"Kitchen operations assessment","Food service expertise helpful. Waste reduction priority."
18,2024-06-30,Event,Networking,"Construction project management, resource scheduling, cost tracking",85000-170000,High,Angular/Java/PostgreSQL,10-12 months,Improve project delivery by 20%,"Poor project visibility, cost overruns","Project Manager, Construction Director",Project management software + spreadsheets,Construction regulations,"CAD systems, equipment tracking, financial systems",25-30 people,Hybrid deployment,Project-oriented and deadline-driven,"Construction workflow analysis","Construction industry knowledge needed. Project complexity high."
19,2024-08-25,LinkedIn,Industry Contact,"Insurance claims processing, automated workflows, customer portal",100000-200000,High,React/Java/PostgreSQL,12-15 months,Reduce claims processing time by 50%,"Manual claims processing, customer complaints","Claims Director, IT Manager",Legacy claims system,Insurance regulations,"Policy systems, external APIs, compliance tools",35-40 people,On-premise required,Process-improvement focused,"Claims process optimization workshop","Insurance expertise required. Large automation opportunity."
20,2024-09-10,Website,Contact Form,"Nonprofit management system, donor tracking, volunteer coordination",20000-40000,Low,WordPress/PHP/MySQL,4-6 months,Improve donor retention by 40%,"Manual donor tracking, poor volunteer management","Executive Director",Spreadsheets + basic website,Nonprofit regulations,"Payment processing, email marketing, accounting",5-8 people,Cloud preferred,Mission-driven and budget-constrained,"Nonprofit requirements session","Nonprofit sector experience helpful. Budget very limited."